[
{
    "model": "auth.permission",
    "pk": 1,
    "fields": {
        "name": "Can add log entry",
        "content_type": 1,
        "codename": "add_logentry"
    }
},
{
    "model": "auth.permission",
    "pk": 2,
    "fields": {
        "name": "Can change log entry",
        "content_type": 1,
        "codename": "change_logentry"
    }
},
{
    "model": "auth.permission",
    "pk": 3,
    "fields": {
        "name": "Can delete log entry",
        "content_type": 1,
        "codename": "delete_logentry"
    }
},
{
    "model": "auth.permission",
    "pk": 4,
    "fields": {
        "name": "Can view log entry",
        "content_type": 1,
        "codename": "view_logentry"
    }
},
{
    "model": "auth.permission",
    "pk": 5,
    "fields": {
        "name": "Can add permission",
        "content_type": 2,
        "codename": "add_permission"
    }
},
{
    "model": "auth.permission",
    "pk": 6,
    "fields": {
        "name": "Can change permission",
        "content_type": 2,
        "codename": "change_permission"
    }
},
{
    "model": "auth.permission",
    "pk": 7,
    "fields": {
        "name": "Can delete permission",
        "content_type": 2,
        "codename": "delete_permission"
    }
},
{
    "model": "auth.permission",
    "pk": 8,
    "fields": {
        "name": "Can view permission",
        "content_type": 2,
        "codename": "view_permission"
    }
},
{
    "model": "auth.permission",
    "pk": 9,
    "fields": {
        "name": "Can add group",
        "content_type": 3,
        "codename": "add_group"
    }
},
{
    "model": "auth.permission",
    "pk": 10,
    "fields": {
        "name": "Can change group",
        "content_type": 3,
        "codename": "change_group"
    }
},
{
    "model": "auth.permission",
    "pk": 11,
    "fields": {
        "name": "Can delete group",
        "content_type": 3,
        "codename": "delete_group"
    }
},
{
    "model": "auth.permission",
    "pk": 12,
    "fields": {
        "name": "Can view group",
        "content_type": 3,
        "codename": "view_group"
    }
},
{
    "model": "auth.permission",
    "pk": 13,
    "fields": {
        "name": "Can add content type",
        "content_type": 4,
        "codename": "add_contenttype"
    }
},
{
    "model": "auth.permission",
    "pk": 14,
    "fields": {
        "name": "Can change content type",
        "content_type": 4,
        "codename": "change_contenttype"
    }
},
{
    "model": "auth.permission",
    "pk": 15,
    "fields": {
        "name": "Can delete content type",
        "content_type": 4,
        "codename": "delete_contenttype"
    }
},
{
    "model": "auth.permission",
    "pk": 16,
    "fields": {
        "name": "Can view content type",
        "content_type": 4,
        "codename": "view_contenttype"
    }
},
{
    "model": "auth.permission",
    "pk": 17,
    "fields": {
        "name": "Can add session",
        "content_type": 5,
        "codename": "add_session"
    }
},
{
    "model": "auth.permission",
    "pk": 18,
    "fields": {
        "name": "Can change session",
        "content_type": 5,
        "codename": "change_session"
    }
},
{
    "model": "auth.permission",
    "pk": 19,
    "fields": {
        "name": "Can delete session",
        "content_type": 5,
        "codename": "delete_session"
    }
},
{
    "model": "auth.permission",
    "pk": 20,
    "fields": {
        "name": "Can view session",
        "content_type": 5,
        "codename": "view_session"
    }
},
{
    "model": "auth.permission",
    "pk": 21,
    "fields": {
        "name": "Can add user",
        "content_type": 6,
        "codename": "add_user"
    }
},
{
    "model": "auth.permission",
    "pk": 22,
    "fields": {
        "name": "Can change user",
        "content_type": 6,
        "codename": "change_user"
    }
},
{
    "model": "auth.permission",
    "pk": 23,
    "fields": {
        "name": "Can delete user",
        "content_type": 6,
        "codename": "delete_user"
    }
},
{
    "model": "auth.permission",
    "pk": 24,
    "fields": {
        "name": "Can view user",
        "content_type": 6,
        "codename": "view_user"
    }
},
{
    "model": "auth.permission",
    "pk": 25,
    "fields": {
        "name": "Can add wallet",
        "content_type": 7,
        "codename": "add_wallet"
    }
},
{
    "model": "auth.permission",
    "pk": 26,
    "fields": {
        "name": "Can change wallet",
        "content_type": 7,
        "codename": "change_wallet"
    }
},
{
    "model": "auth.permission",
    "pk": 27,
    "fields": {
        "name": "Can delete wallet",
        "content_type": 7,
        "codename": "delete_wallet"
    }
},
{
    "model": "auth.permission",
    "pk": 28,
    "fields": {
        "name": "Can view wallet",
        "content_type": 7,
        "codename": "view_wallet"
    }
},
{
    "model": "auth.permission",
    "pk": 29,
    "fields": {
        "name": "Can add transaction",
        "content_type": 8,
        "codename": "add_transaction"
    }
},
{
    "model": "auth.permission",
    "pk": 30,
    "fields": {
        "name": "Can change transaction",
        "content_type": 8,
        "codename": "change_transaction"
    }
},
{
    "model": "auth.permission",
    "pk": 31,
    "fields": {
        "name": "Can delete transaction",
        "content_type": 8,
        "codename": "delete_transaction"
    }
},
{
    "model": "auth.permission",
    "pk": 32,
    "fields": {
        "name": "Can view transaction",
        "content_type": 8,
        "codename": "view_transaction"
    }
},
{
    "model": "auth.permission",
    "pk": 33,
    "fields": {
        "name": "Can add blacklisted token",
        "content_type": 9,
        "codename": "add_blacklistedtoken"
    }
},
{
    "model": "auth.permission",
    "pk": 34,
    "fields": {
        "name": "Can change blacklisted token",
        "content_type": 9,
        "codename": "change_blacklistedtoken"
    }
},
{
    "model": "auth.permission",
    "pk": 35,
    "fields": {
        "name": "Can delete blacklisted token",
        "content_type": 9,
        "codename": "delete_blacklistedtoken"
    }
},
{
    "model": "auth.permission",
    "pk": 36,
    "fields": {
        "name": "Can view blacklisted token",
        "content_type": 9,
        "codename": "view_blacklistedtoken"
    }
},
{
    "model": "auth.permission",
    "pk": 37,
    "fields": {
        "name": "Can add outstanding token",
        "content_type": 10,
        "codename": "add_outstandingtoken"
    }
},
{
    "model": "auth.permission",
    "pk": 38,
    "fields": {
        "name": "Can change outstanding token",
        "content_type": 10,
        "codename": "change_outstandingtoken"
    }
},
{
    "model": "auth.permission",
    "pk": 39,
    "fields": {
        "name": "Can delete outstanding token",
        "content_type": 10,
        "codename": "delete_outstandingtoken"
    }
},
{
    "model": "auth.permission",
    "pk": 40,
    "fields": {
        "name": "Can view outstanding token",
        "content_type": 10,
        "codename": "view_outstandingtoken"
    }
},
{
    "model": "auth.permission",
    "pk": 41,
    "fields": {
        "name": "Can add roi",
        "content_type": 11,
        "codename": "add_roi"
    }
},
{
    "model": "auth.permission",
    "pk": 42,
    "fields": {
        "name": "Can change roi",
        "content_type": 11,
        "codename": "change_roi"
    }
},
{
    "model": "auth.permission",
    "pk": 43,
    "fields": {
        "name": "Can delete roi",
        "content_type": 11,
        "codename": "delete_roi"
    }
},
{
    "model": "auth.permission",
    "pk": 44,
    "fields": {
        "name": "Can view roi",
        "content_type": 11,
        "codename": "view_roi"
    }
},
{
    "model": "contenttypes.contenttype",
    "pk": 1,
    "fields": {
        "app_label": "admin",
        "model": "logentry"
    }
},
{
    "model": "contenttypes.contenttype",
    "pk": 2,
    "fields": {
        "app_label": "auth",
        "model": "permission"
    }
},
{
    "model": "contenttypes.contenttype",
    "pk": 3,
    "fields": {
        "app_label": "auth",
        "model": "group"
    }
},
{
    "model": "contenttypes.contenttype",
    "pk": 4,
    "fields": {
        "app_label": "contenttypes",
        "model": "contenttype"
    }
},
{
    "model": "contenttypes.contenttype",
    "pk": 5,
    "fields": {
        "app_label": "sessions",
        "model": "session"
    }
},
{
    "model": "contenttypes.contenttype",
    "pk": 6,
    "fields": {
        "app_label": "users",
        "model": "user"
    }
},
{
    "model": "contenttypes.contenttype",
    "pk": 7,
    "fields": {
        "app_label": "wallet",
        "model": "wallet"
    }
},
{
    "model": "contenttypes.contenttype",
    "pk": 8,
    "fields": {
        "app_label": "transaction",
        "model": "transaction"
    }
},
{
    "model": "contenttypes.contenttype",
    "pk": 9,
    "fields": {
        "app_label": "token_blacklist",
        "model": "blacklistedtoken"
    }
},
{
    "model": "contenttypes.contenttype",
    "pk": 10,
    "fields": {
        "app_label": "token_blacklist",
        "model": "outstandingtoken"
    }
},
{
    "model": "contenttypes.contenttype",
    "pk": 11,
    "fields": {
        "app_label": "roi",
        "model": "roi"
    }
},
{
    "model": "users.user",
    "pk": "2dc7a955-941d-477f-aadc-c5f7205521d7",
    "fields": {
        "password": "pbkdf2_sha256$1000000$XOohWnaqDMpcYofXb2qICs$CQ96aOY4f7z0OXxCnvusQSjm6Dc7fYIc6ayqzwT1I7s=",
        "last_login": "2025-04-16T19:51:02.886Z",
        "is_superuser": true,
        "username": "admin",
        "first_name": "",
        "email": "admin@gmail.com",
        "is_staff": true,
        "is_active": true,
        "date_joined": "2025-04-16T10:39:47.399Z",
        "created_at": "2025-04-16T10:39:47.730Z",
        "updated_at": "2025-04-16T10:39:47.730Z",
        "deleted_at": null,
        "name": "",
        "last_name": "",
        "groups": [],
        "user_permissions": []
    }
},
{
    "model": "users.user",
    "pk": "366e717e-0100-4c4b-81f9-557a16c46e93",
    "fields": {
        "password": "pbkdf2_sha256$1000000$QkkZgzN2Sia9eNecbR37En$ntB+skpHimH2q4vF2rmSsWS2/5aiiiU2xAnyeNMDTUY=",
        "last_login": null,
        "is_superuser": false,
        "username": "cliente2",
        "first_name": "",
        "email": "cliente2@cliente.com",
        "is_staff": false,
        "is_active": true,
        "date_joined": "2025-04-16T19:59:46.414Z",
        "created_at": "2025-04-16T19:59:46.733Z",
        "updated_at": "2025-04-16T19:59:46.733Z",
        "deleted_at": null,
        "name": "Nombre2",
        "last_name": "Segundo2",
        "groups": [],
        "user_permissions": []
    }
},
{
    "model": "users.user",
    "pk": "392d2631-97cc-4a14-8ee0-9a4cd2e8cbb1",
    "fields": {
        "password": "pbkdf2_sha256$1000000$cb99CZ6cgbR0aGJ4GXLFZU$iSBktXcBGCeibYV01N7RSgtgLDSnMM83iNh8m1XzrvQ=",
        "last_login": null,
        "is_superuser": false,
        "username": "cliente",
        "first_name": "",
        "email": "cliente@cliente.com",
        "is_staff": false,
        "is_active": true,
        "date_joined": "2025-04-16T19:58:39.784Z",
        "created_at": "2025-04-16T19:58:40.108Z",
        "updated_at": "2025-04-16T19:58:40.108Z",
        "deleted_at": null,
        "name": "Nombre",
        "last_name": "Segundo",
        "groups": [],
        "user_permissions": []
    }
},
{
    "model": "users.user",
    "pk": "5eb79507-13ee-490b-bb45-d45389f91393",
    "fields": {
        "password": "pbkdf2_sha256$1000000$EYTzS23oUOuMz3DVFovj3w$bQ0/i0KFE7rPY7jvbyDYN9cD+yH7iGco0etp5Bx3Hq0=",
        "last_login": null,
        "is_superuser": false,
        "username": "aqui",
        "first_name": "",
        "email": "aqui@gmail.com",
        "is_staff": false,
        "is_active": true,
        "date_joined": "2025-04-16T20:15:41.484Z",
        "created_at": "2025-04-16T20:15:41.808Z",
        "updated_at": "2025-04-16T20:15:41.808Z",
        "deleted_at": null,
        "name": "yo",
        "last_name": "desde",
        "groups": [],
        "user_permissions": []
    }
},
{
    "model": "users.user",
    "pk": "a54ec096-94b4-4181-ba5c-454aabba6055",
    "fields": {
        "password": "pbkdf2_sha256$1000000$dTyx0VUb9Y1MV92d1kVJTs$t5IqeYkOnGAAix6rpJ3Otvw6MCblYoOTVP44NOKL4ck=",
        "last_login": null,
        "is_superuser": false,
        "username": "nombredesdelainterfaz",
        "first_name": "",
        "email": "interfaz@interfaz.com",
        "is_staff": false,
        "is_active": true,
        "date_joined": "2025-04-16T20:14:16.866Z",
        "created_at": "2025-04-16T20:14:17.203Z",
        "updated_at": "2025-04-16T20:14:17.203Z",
        "deleted_at": null,
        "name": "Desde",
        "last_name": "Interfaz",
        "groups": [],
        "user_permissions": []
    }
},
{
    "model": "users.user",
    "pk": "b37e8832-f477-42a8-8018-369bef752442",
    "fields": {
        "password": "pbkdf2_sha256$1000000$BOjHLAKTZQQk6hzuQSicN4$5kjrdVyIDMDBHT0+tRQRFibucu3fnxzsfUzcniGeb+4=",
        "last_login": null,
        "is_superuser": false,
        "username": "leonelcastillo",
        "first_name": "",
        "email": "leonel@leonel.com",
        "is_staff": false,
        "is_active": true,
        "date_joined": "2025-04-20T16:21:37.826Z",
        "created_at": "2025-04-20T16:21:38.138Z",
        "updated_at": "2025-04-20T16:21:38.138Z",
        "deleted_at": null,
        "name": "leonel",
        "last_name": "castillo",
        "groups": [],
        "user_permissions": []
    }
},
{
    "model": "users.user",
    "pk": "e5628dbb-14a0-480e-820b-6d803f1f4532",
    "fields": {
        "password": "pbkdf2_sha256$1000000$mXwLuQkPk2qklbsRTU3lUb$q1uukpOBdO9vWc84qgx2Csw7/T+pQnWxTaNogpX551o=",
        "last_login": null,
        "is_superuser": false,
        "username": "yo",
        "first_name": "",
        "email": "marino@gmail.com",
        "is_staff": false,
        "is_active": true,
        "date_joined": "2025-04-16T20:16:33.496Z",
        "created_at": "2025-04-16T20:16:33.816Z",
        "updated_at": "2025-04-16T20:16:33.816Z",
        "deleted_at": null,
        "name": "de",
        "last_name": "nuevo",
        "groups": [],
        "user_permissions": []
    }
},
{
    "model": "users.user",
    "pk": "e7686195-4353-49e8-b5a2-d27ee682b5a5",
    "fields": {
        "password": "pbkdf2_sha256$1000000$Zm6kjQfOaHmbwLSIBlLXwR$WP0yu1crpEubzOSsZCviWwAhv9AEmKc/N4ajdCTFESo=",
        "last_login": null,
        "is_superuser": false,
        "username": "lis",
        "first_name": "",
        "email": "lis@gmail.com",
        "is_staff": false,
        "is_active": true,
        "date_joined": "2025-04-17T00:07:18.455Z",
        "created_at": "2025-04-17T00:07:18.800Z",
        "updated_at": "2025-04-17T00:07:18.800Z",
        "deleted_at": null,
        "name": "lisandro",
        "last_name": "aray",
        "groups": [],
        "user_permissions": []
    }
},
{
    "model": "wallet.wallet",
    "pk": "035ce9f1-4e9d-4ca2-a990-cf6d38279cfb",
    "fields": {
        "created_at": "2025-04-16T19:59:46.742Z",
        "updated_at": "2025-04-16T19:59:46.742Z",
        "deleted_at": null,
        "owner": "366e717e-0100-4c4b-81f9-557a16c46e93",
        "balance": "0E-8",
        "address": null,
        "is_active": true,
        "last_transaction_date": null
    }
},
{
    "model": "wallet.wallet",
    "pk": "126a74a2-d60c-4094-8688-b31f2134c98f",
    "fields": {
        "created_at": "2025-04-16T20:16:33.818Z",
        "updated_at": "2025-04-20T10:16:41.958Z",
        "deleted_at": null,
        "owner": "e5628dbb-14a0-480e-820b-6d803f1f4532",
        "balance": "0.00004000",
        "address": null,
        "is_active": true,
        "last_transaction_date": null
    }
},
{
    "model": "wallet.wallet",
    "pk": "19f51de2-43e4-4c79-bd71-3efe31c233e9",
    "fields": {
        "created_at": "2025-04-16T20:15:41.809Z",
        "updated_at": "2025-04-16T20:15:41.809Z",
        "deleted_at": null,
        "owner": "5eb79507-13ee-490b-bb45-d45389f91393",
        "balance": "0E-8",
        "address": null,
        "is_active": true,
        "last_transaction_date": null
    }
},
{
    "model": "wallet.wallet",
    "pk": "63c5bac0-3407-4cde-a7eb-c21b9e3eb553",
    "fields": {
        "created_at": "2025-04-20T16:21:38.150Z",
        "updated_at": "2025-04-20T16:21:38.150Z",
        "deleted_at": null,
        "owner": "b37e8832-f477-42a8-8018-369bef752442",
        "balance": "0E-8",
        "address": null,
        "is_active": true,
        "last_transaction_date": null
    }
},
{
    "model": "wallet.wallet",
    "pk": "74d8e5a0-b096-4377-a44b-a279abbc130a",
    "fields": {
        "created_at": "2025-04-16T20:14:17.206Z",
        "updated_at": "2025-04-20T16:20:39.937Z",
        "deleted_at": null,
        "owner": "a54ec096-94b4-4181-ba5c-454aabba6055",
        "balance": "-104.99668579",
        "address": "0x7f65432e4f82d3eda076ceaa9bbae75a1bee393f",
        "is_active": true,
        "last_transaction_date": "2025-04-20T16:19:53.673Z"
    }
},
{
    "model": "wallet.wallet",
    "pk": "8025dab2-b462-46c6-91d0-4307117497d3",
    "fields": {
        "created_at": "2025-04-16T19:58:40.118Z",
        "updated_at": "2025-04-16T19:58:40.118Z",
        "deleted_at": null,
        "owner": "392d2631-97cc-4a14-8ee0-9a4cd2e8cbb1",
        "balance": "0E-8",
        "address": null,
        "is_active": true,
        "last_transaction_date": null
    }
},
{
    "model": "wallet.wallet",
    "pk": "805bfcbd-1044-4bdc-beb4-fabf9181d43a",
    "fields": {
        "created_at": "2025-04-16T20:27:06.857Z",
        "updated_at": "2025-04-16T20:27:06.857Z",
        "deleted_at": null,
        "owner": "2dc7a955-941d-477f-aadc-c5f7205521d7",
        "balance": "0E-8",
        "address": "cualquiercosaporvariasveces",
        "is_active": true,
        "last_transaction_date": null
    }
},
{
    "model": "wallet.wallet",
    "pk": "be89d720-d0f4-44ca-90a0-dfecd5353d00",
    "fields": {
        "created_at": "2025-04-17T00:07:18.813Z",
        "updated_at": "2025-04-17T00:07:18.813Z",
        "deleted_at": null,
        "owner": "e7686195-4353-49e8-b5a2-d27ee682b5a5",
        "balance": "0E-8",
        "address": null,
        "is_active": true,
        "last_transaction_date": null
    }
},
{
    "model": "transaction.transaction",
    "pk": "3b15d8e0-504c-4c88-b656-c867dbfa27ef",
    "fields": {
        "created_at": "2025-04-20T09:26:15.917Z",
        "updated_at": "2025-04-20T09:26:34.829Z",
        "deleted_at": null,
        "origin": "805bfcbd-1044-4bdc-beb4-fabf9181d43a",
        "destination": "74d8e5a0-b096-4377-a44b-a279abbc130a",
        "amount": "1.00000000",
        "is_pending": false,
        "is_approved": true,
        "is_deposit": false,
        "comment": null,
        "reviewer": "2dc7a955-941d-477f-aadc-c5f7205521d7",
        "reviewed_at": "2025-04-20T09:26:34.829Z",
        "hash": null
    }
},
{
    "model": "transaction.transaction",
    "pk": "5701aadd-27b8-4d91-a18f-02ef57307d76",
    "fields": {
        "created_at": "2025-04-20T16:18:48.482Z",
        "updated_at": "2025-04-20T16:19:53.666Z",
        "deleted_at": null,
        "origin": "805bfcbd-1044-4bdc-beb4-fabf9181d43a",
        "destination": "74d8e5a0-b096-4377-a44b-a279abbc130a",
        "amount": "8.00000000",
        "is_pending": false,
        "is_approved": true,
        "is_deposit": false,
        "comment": null,
        "reviewer": "2dc7a955-941d-477f-aadc-c5f7205521d7",
        "reviewed_at": "2025-04-20T16:19:53.665Z",
        "hash": null
    }
},
{
    "model": "transaction.transaction",
    "pk": "5e054e21-493e-48c6-a823-4448844cb24b",
    "fields": {
        "created_at": "2025-04-19T22:12:51.373Z",
        "updated_at": "2025-04-20T05:10:54.826Z",
        "deleted_at": null,
        "origin": "74d8e5a0-b096-4377-a44b-a279abbc130a",
        "destination": "805bfcbd-1044-4bdc-beb4-fabf9181d43a",
        "amount": "100.00000000",
        "is_pending": false,
        "is_approved": true,
        "is_deposit": true,
        "comment": "",
        "reviewer": null,
        "reviewed_at": null,
        "hash": "0xde66016fe16c27ff55622c81556dce890317add487423d1737fe97c870863106"
    }
},
{
    "model": "transaction.transaction",
    "pk": "8c6221fa-4f60-499b-872e-dd869cadc234",
    "fields": {
        "created_at": "2025-04-20T16:20:39.933Z",
        "updated_at": "2025-04-20T16:20:39.933Z",
        "deleted_at": null,
        "origin": "74d8e5a0-b096-4377-a44b-a279abbc130a",
        "destination": "805bfcbd-1044-4bdc-beb4-fabf9181d43a",
        "amount": "150.00000000",
        "is_pending": false,
        "is_approved": true,
        "is_deposit": true,
        "comment": null,
        "reviewer": null,
        "reviewed_at": null,
        "hash": "0x6bb4c7be72f4655fc8dec697661e4f23ec767f6e1d393cc47fc7c04deb0801db"
    }
},
{
    "model": "transaction.transaction",
    "pk": "9f33d49f-4d0d-47fc-a2c7-edb8dad619f8",
    "fields": {
        "created_at": "2025-04-20T10:16:41.956Z",
        "updated_at": "2025-04-20T10:16:41.956Z",
        "deleted_at": null,
        "origin": "126a74a2-d60c-4094-8688-b31f2134c98f",
        "destination": "805bfcbd-1044-4bdc-beb4-fabf9181d43a",
        "amount": "600.00000000",
        "is_pending": false,
        "is_approved": true,
        "is_deposit": true,
        "comment": null,
        "reviewer": null,
        "reviewed_at": null,
        "hash": "0x651e32f6116f7aaf8295a85d8bbd63a1ee841fc1fe9ad33112699696afe16716"
    }
},
{
    "model": "transaction.transaction",
    "pk": "c1ebaeb3-e4e0-48f9-8ae8-b7d648fc31f9",
    "fields": {
        "created_at": "2025-04-20T08:58:06.566Z",
        "updated_at": "2025-04-20T09:01:24.136Z",
        "deleted_at": null,
        "origin": "74d8e5a0-b096-4377-a44b-a279abbc130a",
        "destination": "805bfcbd-1044-4bdc-beb4-fabf9181d43a",
        "amount": "600.00000000",
        "is_pending": false,
        "is_approved": true,
        "is_deposit": true,
        "comment": "",
        "reviewer": null,
        "reviewed_at": null,
        "hash": "0x680376d5738589338fa7cf9d0dbe21b00b7db6c873b8fb9a735beefbe9d25f14"
    }
},
{
    "model": "transaction.transaction",
    "pk": "fa2130b1-5119-4507-b828-4d6e741d4ff9",
    "fields": {
        "created_at": "2025-04-19T22:09:22.279Z",
        "updated_at": "2025-04-20T05:10:23.678Z",
        "deleted_at": null,
        "origin": "74d8e5a0-b096-4377-a44b-a279abbc130a",
        "destination": "805bfcbd-1044-4bdc-beb4-fabf9181d43a",
        "amount": "100.00000000",
        "is_pending": false,
        "is_approved": true,
        "is_deposit": true,
        "comment": "",
        "reviewer": null,
        "reviewed_at": null,
        "hash": "0x501f32d7b00aa10b20937fca2948cf4ad911df73ebb6bec6bdff3de0207ffb62"
    }
},
{
    "model": "roi.roi",
    "pk": "0965cd50-4786-40a0-b857-3c4714c07dbb",
    "fields": {
        "created_at": "2025-04-20T10:16:41.963Z",
        "updated_at": "2025-04-20T10:23:47.598Z",
        "deleted_at": null,
        "owner": "e5628dbb-14a0-480e-820b-6d803f1f4532",
        "deposit_amount": "600.00000000",
        "level": 2,
        "roi_percentage": "35.00000000",
        "daily_percentage": "7.50000000",
        "duration_seconds": 7776000,
        "transaction": "9f33d49f-4d0d-47fc-a2c7-edb8dad619f8"
    }
},
{
    "model": "roi.roi",
    "pk": "5eb7c4d4-4b36-48e1-9247-34057ad86edc",
    "fields": {
        "created_at": "2025-04-19T22:09:22.282Z",
        "updated_at": "2025-04-20T05:12:03.026Z",
        "deleted_at": null,
        "owner": "a54ec096-94b4-4181-ba5c-454aabba6055",
        "deposit_amount": "100.00000000",
        "level": 1,
        "roi_percentage": "30.00000000",
        "daily_percentage": "1.30000000",
        "duration_seconds": 8640000,
        "transaction": "fa2130b1-5119-4507-b828-4d6e741d4ff9"
    }
},
{
    "model": "roi.roi",
    "pk": "9c2c8c29-700e-4487-b96a-8d6c12223f4b",
    "fields": {
        "created_at": "2025-04-19T22:12:51.378Z",
        "updated_at": "2025-04-20T05:11:56.093Z",
        "deleted_at": null,
        "owner": "a54ec096-94b4-4181-ba5c-454aabba6055",
        "deposit_amount": "100.00000000",
        "level": 1,
        "roi_percentage": "30.00000000",
        "daily_percentage": "1.30000000",
        "duration_seconds": 8640000,
        "transaction": "5e054e21-493e-48c6-a823-4448844cb24b"
    }
},
{
    "model": "roi.roi",
    "pk": "e028643c-25ac-46fe-842e-7a5d77d45285",
    "fields": {
        "created_at": "2025-04-20T16:20:39.940Z",
        "updated_at": "2025-04-20T16:20:39.940Z",
        "deleted_at": null,
        "owner": "a54ec096-94b4-4181-ba5c-454aabba6055",
        "deposit_amount": "150.00000000",
        "level": 1,
        "roi_percentage": "30.00000000",
        "daily_percentage": "1.30000000",
        "duration_seconds": 8640000,
        "transaction": "8c6221fa-4f60-499b-872e-dd869cadc234"
    }
},
{
    "model": "roi.roi",
    "pk": "e55e9975-a7a0-4265-bf6e-e4632c98c012",
    "fields": {
        "created_at": "2025-04-20T08:58:06.574Z",
        "updated_at": "2025-04-20T08:59:10.426Z",
        "deleted_at": null,
        "owner": "a54ec096-94b4-4181-ba5c-454aabba6055",
        "deposit_amount": "600.00000000",
        "level": 2,
        "roi_percentage": "35.00000000",
        "daily_percentage": "7.50000000",
        "duration_seconds": 7776000,
        "transaction": "c1ebaeb3-e4e0-48f9-8ae8-b7d648fc31f9"
    }
},
{
    "model": "token_blacklist.outstandingtoken",
    "pk": 1,
    "fields": {
        "user": "a54ec096-94b4-4181-ba5c-454aabba6055",
        "jti": "2ee1b67fa7c443928074248d06844641",
        "token": "eyJhbGciOiJIUzI1NiIsInR5cCI6IkpXVCJ9.eyJ0b2tlbl90eXBlIjoicmVmcmVzaCIsImV4cCI6MTc0NDkzMjk0MSwiaWF0IjoxNzQ0ODQ2NTQxLCJqdGkiOiIyZWUxYjY3ZmE3YzQ0MzkyODA3NDI0OGQwNjg0NDY0MSIsInVzZXJfaWQiOiJhNTRlYzA5Ni05NGI0LTQxODEtYmE1Yy00NTRhYWJiYTYwNTUifQ.LGl2fAxWPml0agg9mzTmeCuiv0FYhZlg_YynZ9MNNUQ",
        "created_at": "2025-04-16T23:35:41.240Z",
        "expires_at": "2025-04-17T23:35:41Z"
    }
},
{
    "model": "token_blacklist.outstandingtoken",
    "pk": 2,
    "fields": {
        "user": "2dc7a955-941d-477f-aadc-c5f7205521d7",
        "jti": "281d802bbe8149ba8f42afa726c014f3",
        "token": "eyJhbGciOiJIUzI1NiIsInR5cCI6IkpXVCJ9.eyJ0b2tlbl90eXBlIjoicmVmcmVzaCIsImV4cCI6MTc0NDkzMjk1MSwiaWF0IjoxNzQ0ODQ2NTUxLCJqdGkiOiIyODFkODAyYmJlODE0OWJhOGY0MmFmYTcyNmMwMTRmMyIsInVzZXJfaWQiOiIyZGM3YTk1NS05NDFkLTQ3N2YtYWFkYy1jNWY3MjA1NTIxZDcifQ.kwOyRaM4hQFfSPvhvmaxIX56OWNGxn7AUNds_wCp4mQ",
        "created_at": "2025-04-16T23:35:51.964Z",
        "expires_at": "2025-04-17T23:35:51Z"
    }
},
{
    "model": "token_blacklist.outstandingtoken",
    "pk": 3,
    "fields": {
        "user": "2dc7a955-941d-477f-aadc-c5f7205521d7",
        "jti": "7855ba0b1482439b9fdb3a8d93e8f7ef",
        "token": "eyJhbGciOiJIUzI1NiIsInR5cCI6IkpXVCJ9.eyJ0b2tlbl90eXBlIjoicmVmcmVzaCIsImV4cCI6MTc0NDkzMzA5MywiaWF0IjoxNzQ0ODQ2NjkzLCJqdGkiOiI3ODU1YmEwYjE0ODI0MzliOWZkYjNhOGQ5M2U4ZjdlZiIsInVzZXJfaWQiOiIyZGM3YTk1NS05NDFkLTQ3N2YtYWFkYy1jNWY3MjA1NTIxZDcifQ.5lCKaT65DDfsAhvBjRBMjoLHcpAXVxEB-Htt6dkiOU0",
        "created_at": "2025-04-16T23:38:13.676Z",
        "expires_at": "2025-04-17T23:38:13Z"
    }
},
{
    "model": "token_blacklist.outstandingtoken",
    "pk": 4,
    "fields": {
        "user": "2dc7a955-941d-477f-aadc-c5f7205521d7",
        "jti": "ab83cc6904314f1a812af74ed050e8a2",
        "token": "eyJhbGciOiJIUzI1NiIsInR5cCI6IkpXVCJ9.eyJ0b2tlbl90eXBlIjoicmVmcmVzaCIsImV4cCI6MTc0NDkzMzE0MCwiaWF0IjoxNzQ0ODQ2NzQwLCJqdGkiOiJhYjgzY2M2OTA0MzE0ZjFhODEyYWY3NGVkMDUwZThhMiIsInVzZXJfaWQiOiIyZGM3YTk1NS05NDFkLTQ3N2YtYWFkYy1jNWY3MjA1NTIxZDcifQ.xpRtpLHf-bqaeJq46HjNbzuu_goMPju3BVlQJt7d9-k",
        "created_at": "2025-04-16T23:39:00.064Z",
        "expires_at": "2025-04-17T23:39:00Z"
    }
},
{
    "model": "token_blacklist.outstandingtoken",
    "pk": 5,
    "fields": {
        "user": "2dc7a955-941d-477f-aadc-c5f7205521d7",
        "jti": "d2224a4ff9564b1c82b1fbd13cb58def",
        "token": "eyJhbGciOiJIUzI1NiIsInR5cCI6IkpXVCJ9.eyJ0b2tlbl90eXBlIjoicmVmcmVzaCIsImV4cCI6MTc0NDkzMzM0MiwiaWF0IjoxNzQ0ODQ2OTQyLCJqdGkiOiJkMjIyNGE0ZmY5NTY0YjFjODJiMWZiZDEzY2I1OGRlZiIsInVzZXJfaWQiOiIyZGM3YTk1NS05NDFkLTQ3N2YtYWFkYy1jNWY3MjA1NTIxZDcifQ.zelw_6_FIdrDuNgGkhc9SRgdzrju_WA5lZDCiEN36Ko",
        "created_at": "2025-04-16T23:42:22.775Z",
        "expires_at": "2025-04-17T23:42:22Z"
    }
},
{
    "model": "token_blacklist.outstandingtoken",
    "pk": 6,
    "fields": {
        "user": "a54ec096-94b4-4181-ba5c-454aabba6055",
        "jti": "aabd153007f74a45b414ec8d4edfeab6",
        "token": "eyJhbGciOiJIUzI1NiIsInR5cCI6IkpXVCJ9.eyJ0b2tlbl90eXBlIjoicmVmcmVzaCIsImV4cCI6MTc0NDkzMzk1MSwiaWF0IjoxNzQ0ODQ3NTUxLCJqdGkiOiJhYWJkMTUzMDA3Zjc0YTQ1YjQxNGVjOGQ0ZWRmZWFiNiIsInVzZXJfaWQiOiJhNTRlYzA5Ni05NGI0LTQxODEtYmE1Yy00NTRhYWJiYTYwNTUifQ.RCXfxM2bcHWYnxn5s_kuV9_JoFsw7jmKPN7cAmVSnYc",
        "created_at": "2025-04-16T23:52:31.965Z",
        "expires_at": "2025-04-17T23:52:31Z"
    }
},
{
    "model": "token_blacklist.outstandingtoken",
    "pk": 7,
    "fields": {
        "user": "a54ec096-94b4-4181-ba5c-454aabba6055",
        "jti": "ebc022b66a3a4250a746ea1650ec4925",
        "token": "eyJhbGciOiJIUzI1NiIsInR5cCI6IkpXVCJ9.eyJ0b2tlbl90eXBlIjoicmVmcmVzaCIsImV4cCI6MTc0NDkzNDEzNiwiaWF0IjoxNzQ0ODQ3NzM2LCJqdGkiOiJlYmMwMjJiNjZhM2E0MjUwYTc0NmVhMTY1MGVjNDkyNSIsInVzZXJfaWQiOiJhNTRlYzA5Ni05NGI0LTQxODEtYmE1Yy00NTRhYWJiYTYwNTUifQ.DRqcsbHcGVAF2KmmTWerW06DSeXC-h0ovP7qzf6kAxw",
        "created_at": "2025-04-16T23:55:36.941Z",
        "expires_at": "2025-04-17T23:55:36Z"
    }
},
{
    "model": "token_blacklist.outstandingtoken",
    "pk": 8,
    "fields": {
        "user": "2dc7a955-941d-477f-aadc-c5f7205521d7",
        "jti": "1027633be0f149bcac48929757e68ebf",
        "token": "eyJhbGciOiJIUzI1NiIsInR5cCI6IkpXVCJ9.eyJ0b2tlbl90eXBlIjoicmVmcmVzaCIsImV4cCI6MTc0NDkzNDE4OSwiaWF0IjoxNzQ0ODQ3Nzg5LCJqdGkiOiIxMDI3NjMzYmUwZjE0OWJjYWM0ODkyOTc1N2U2OGViZiIsInVzZXJfaWQiOiIyZGM3YTk1NS05NDFkLTQ3N2YtYWFkYy1jNWY3MjA1NTIxZDcifQ.ZP0Xl1WH_TbDOLGWBMvrjmQStTHG83GoD11p9FrFzeg",
        "created_at": "2025-04-16T23:56:29.211Z",
        "expires_at": "2025-04-17T23:56:29Z"
    }
},
{
    "model": "token_blacklist.outstandingtoken",
    "pk": 9,
    "fields": {
        "user": "a54ec096-94b4-4181-ba5c-454aabba6055",
        "jti": "4d352fb026ba410e94cbb73bd3554c67",
        "token": "eyJhbGciOiJIUzI1NiIsInR5cCI6IkpXVCJ9.eyJ0b2tlbl90eXBlIjoicmVmcmVzaCIsImV4cCI6MTc0NDkzNDIzMywiaWF0IjoxNzQ0ODQ3ODMzLCJqdGkiOiI0ZDM1MmZiMDI2YmE0MTBlOTRjYmI3M2JkMzU1NGM2NyIsInVzZXJfaWQiOiJhNTRlYzA5Ni05NGI0LTQxODEtYmE1Yy00NTRhYWJiYTYwNTUifQ.hkECWFD45VDSoxah6_msQvxutkFcX8NiprWOscNZ6K8",
        "created_at": "2025-04-16T23:57:13.165Z",
        "expires_at": "2025-04-17T23:57:13Z"
    }
},
{
    "model": "token_blacklist.outstandingtoken",
    "pk": 10,
    "fields": {
        "user": "a54ec096-94b4-4181-ba5c-454aabba6055",
        "jti": "88435fed4d0a4863a731c9ad48daa13a",
        "token": "eyJhbGciOiJIUzI1NiIsInR5cCI6IkpXVCJ9.eyJ0b2tlbl90eXBlIjoicmVmcmVzaCIsImV4cCI6MTc0NDkzNDcwNCwiaWF0IjoxNzQ0ODQ4MzA0LCJqdGkiOiI4ODQzNWZlZDRkMGE0ODYzYTczMWM5YWQ0OGRhYTEzYSIsInVzZXJfaWQiOiJhNTRlYzA5Ni05NGI0LTQxODEtYmE1Yy00NTRhYWJiYTYwNTUifQ.ypNa53IV7DBtCasZ0m-arJk_L4f5OrUq_jnPg51flE4",
        "created_at": "2025-04-17T00:05:04.089Z",
        "expires_at": "2025-04-18T00:05:04Z"
    }
},
{
    "model": "token_blacklist.outstandingtoken",
    "pk": 11,
    "fields": {
        "user": "2dc7a955-941d-477f-aadc-c5f7205521d7",
        "jti": "a08c4e122384462782e1ff3ce0d9db89",
        "token": "eyJhbGciOiJIUzI1NiIsInR5cCI6IkpXVCJ9.eyJ0b2tlbl90eXBlIjoicmVmcmVzaCIsImV4cCI6MTc0NDkzNDc4MSwiaWF0IjoxNzQ0ODQ4MzgxLCJqdGkiOiJhMDhjNGUxMjIzODQ0NjI3ODJlMWZmM2NlMGQ5ZGI4OSIsInVzZXJfaWQiOiIyZGM3YTk1NS05NDFkLTQ3N2YtYWFkYy1jNWY3MjA1NTIxZDcifQ.vHemggVUad8-W7Kx_DsuRMWY2u8Wf-nQL9sNa9CKX_w",
        "created_at": "2025-04-17T00:06:21.228Z",
        "expires_at": "2025-04-18T00:06:21Z"
    }
},
{
    "model": "token_blacklist.outstandingtoken",
    "pk": 12,
    "fields": {
        "user": "e7686195-4353-49e8-b5a2-d27ee682b5a5",
        "jti": "63a8e8d11f924c90a5d5550680d791e5",
        "token": "eyJhbGciOiJIUzI1NiIsInR5cCI6IkpXVCJ9.eyJ0b2tlbl90eXBlIjoicmVmcmVzaCIsImV4cCI6MTc0NDkzNDgzOCwiaWF0IjoxNzQ0ODQ4NDM4LCJqdGkiOiI2M2E4ZThkMTFmOTI0YzkwYTVkNTU1MDY4MGQ3OTFlNSIsInVzZXJfaWQiOiJlNzY4NjE5NS00MzUzLTQ5ZTgtYjVhMi1kMjdlZTY4MmI1YTUifQ.PhAWXaGEnZcJD4_6eemAaNy9jXibq0oAPfmEePQtNSU",
        "created_at": "2025-04-17T00:07:18.818Z",
        "expires_at": "2025-04-18T00:07:18Z"
    }
},
{
    "model": "token_blacklist.outstandingtoken",
    "pk": 13,
    "fields": {
        "user": "a54ec096-94b4-4181-ba5c-454aabba6055",
        "jti": "bd4048f69e4f422d81b91bba5bf7350f",
        "token": "eyJhbGciOiJIUzI1NiIsInR5cCI6IkpXVCJ9.eyJ0b2tlbl90eXBlIjoicmVmcmVzaCIsImV4cCI6MTc0NTE2NDU5OSwiaWF0IjoxNzQ1MDc4MTk5LCJqdGkiOiJiZDQwNDhmNjllNGY0MjJkODFiOTFiYmE1YmY3MzUwZiIsInVzZXJfaWQiOiJhNTRlYzA5Ni05NGI0LTQxODEtYmE1Yy00NTRhYWJiYTYwNTUifQ.QgPmE5wL6c7fy64msktnmhfRZm_4gGSMs4MQM30N3mM",
        "created_at": "2025-04-19T15:56:39.913Z",
        "expires_at": "2025-04-20T15:56:39Z"
    }
},
{
    "model": "token_blacklist.outstandingtoken",
    "pk": 14,
    "fields": {
        "user": "a54ec096-94b4-4181-ba5c-454aabba6055",
        "jti": "3f78c74341f8421e87c8ca3bda633e34",
        "token": "eyJhbGciOiJIUzI1NiIsInR5cCI6IkpXVCJ9.eyJ0b2tlbl90eXBlIjoicmVmcmVzaCIsImV4cCI6MTc0NTE3ODMzOCwiaWF0IjoxNzQ1MDkxOTM4LCJqdGkiOiIzZjc4Yzc0MzQxZjg0MjFlODdjOGNhM2JkYTYzM2UzNCIsInVzZXJfaWQiOiJhNTRlYzA5Ni05NGI0LTQxODEtYmE1Yy00NTRhYWJiYTYwNTUifQ.XUBar4k-4q122DTQPx_WvBt3W1HJhx-OZ8fd_7GXRN8",
        "created_at": "2025-04-19T19:45:38.571Z",
        "expires_at": "2025-04-20T19:45:38Z"
    }
},
{
    "model": "token_blacklist.outstandingtoken",
    "pk": 15,
    "fields": {
        "user": "a54ec096-94b4-4181-ba5c-454aabba6055",
        "jti": "d674f21fc20649538f154642a5a8193e",
        "token": "eyJhbGciOiJIUzI1NiIsInR5cCI6IkpXVCJ9.eyJ0b2tlbl90eXBlIjoicmVmcmVzaCIsImV4cCI6MTc0NTE4Mjg4NywiaWF0IjoxNzQ1MDk2NDg3LCJqdGkiOiJkNjc0ZjIxZmMyMDY0OTUzOGYxNTQ2NDJhNWE4MTkzZSIsInVzZXJfaWQiOiJhNTRlYzA5Ni05NGI0LTQxODEtYmE1Yy00NTRhYWJiYTYwNTUifQ.z6--glLlnFhLD2Ci54hDEUUzTsJmZe_wIPHQvNiCChM",
        "created_at": "2025-04-19T21:01:27.262Z",
        "expires_at": "2025-04-20T21:01:27Z"
    }
},
{
    "model": "token_blacklist.outstandingtoken",
    "pk": 16,
    "fields": {
        "user": "a54ec096-94b4-4181-ba5c-454aabba6055",
        "jti": "e69aa3a4925d405e942cbb58786e3f31",
        "token": "eyJhbGciOiJIUzI1NiIsInR5cCI6IkpXVCJ9.eyJ0b2tlbl90eXBlIjoicmVmcmVzaCIsImV4cCI6MTc0NTE4MzAwMiwiaWF0IjoxNzQ1MDk2NjAyLCJqdGkiOiJlNjlhYTNhNDkyNWQ0MDVlOTQyY2JiNTg3ODZlM2YzMSIsInVzZXJfaWQiOiJhNTRlYzA5Ni05NGI0LTQxODEtYmE1Yy00NTRhYWJiYTYwNTUifQ._eVtCtdjZwGOZgcrSQCtTDaiA9yWOUOs8CDFzqb5daI",
        "created_at": "2025-04-19T21:03:22.697Z",
        "expires_at": "2025-04-20T21:03:22Z"
    }
},
{
    "model": "token_blacklist.outstandingtoken",
    "pk": 17,
    "fields": {
        "user": "a54ec096-94b4-4181-ba5c-454aabba6055",
        "jti": "70e8174337d647f683e8a79627e2fbc1",
        "token": "eyJhbGciOiJIUzI1NiIsInR5cCI6IkpXVCJ9.eyJ0b2tlbl90eXBlIjoicmVmcmVzaCIsImV4cCI6MTc0NTE4MzAxNCwiaWF0IjoxNzQ1MDk2NjE0LCJqdGkiOiI3MGU4MTc0MzM3ZDY0N2Y2ODNlOGE3OTYyN2UyZmJjMSIsInVzZXJfaWQiOiJhNTRlYzA5Ni05NGI0LTQxODEtYmE1Yy00NTRhYWJiYTYwNTUifQ.Jz0-Daju1jDAA-WiMTbpOIOTUwYvZpCtRygkjiJ5I-A",
        "created_at": "2025-04-19T21:03:34.362Z",
        "expires_at": "2025-04-20T21:03:34Z"
    }
},
{
    "model": "token_blacklist.outstandingtoken",
    "pk": 18,
    "fields": {
        "user": "a54ec096-94b4-4181-ba5c-454aabba6055",
        "jti": "3678157578f545a1a1310ac9092020ff",
        "token": "eyJhbGciOiJIUzI1NiIsInR5cCI6IkpXVCJ9.eyJ0b2tlbl90eXBlIjoicmVmcmVzaCIsImV4cCI6MTc0NTE4MzA2MywiaWF0IjoxNzQ1MDk2NjYzLCJqdGkiOiIzNjc4MTU3NTc4ZjU0NWExYTEzMTBhYzkwOTIwMjBmZiIsInVzZXJfaWQiOiJhNTRlYzA5Ni05NGI0LTQxODEtYmE1Yy00NTRhYWJiYTYwNTUifQ.Kr_1uHiO1r_m9eZWwe9_is3fE6HHS6uUJ_T2lFU5PkM",
        "created_at": "2025-04-19T21:04:23.803Z",
        "expires_at": "2025-04-20T21:04:23Z"
    }
},
{
    "model": "token_blacklist.outstandingtoken",
    "pk": 19,
    "fields": {
        "user": "a54ec096-94b4-4181-ba5c-454aabba6055",
        "jti": "3abfd9c28cd244609217d10c20dad18b",
        "token": "eyJhbGciOiJIUzI1NiIsInR5cCI6IkpXVCJ9.eyJ0b2tlbl90eXBlIjoicmVmcmVzaCIsImV4cCI6MTc0NTE4MzA4MywiaWF0IjoxNzQ1MDk2NjgzLCJqdGkiOiIzYWJmZDljMjhjZDI0NDYwOTIxN2QxMGMyMGRhZDE4YiIsInVzZXJfaWQiOiJhNTRlYzA5Ni05NGI0LTQxODEtYmE1Yy00NTRhYWJiYTYwNTUifQ.oDAfov556sEk7EkD7RoTGukDC032bOgbPd0DCa28pbI",
        "created_at": "2025-04-19T21:04:43.448Z",
        "expires_at": "2025-04-20T21:04:43Z"
    }
},
{
    "model": "token_blacklist.outstandingtoken",
    "pk": 20,
    "fields": {
        "user": "a54ec096-94b4-4181-ba5c-454aabba6055",
        "jti": "7043b8a0cb2246c9a77f133a001a73e4",
        "token": "eyJhbGciOiJIUzI1NiIsInR5cCI6IkpXVCJ9.eyJ0b2tlbl90eXBlIjoicmVmcmVzaCIsImV4cCI6MTc0NTE4MzExOCwiaWF0IjoxNzQ1MDk2NzE4LCJqdGkiOiI3MDQzYjhhMGNiMjI0NmM5YTc3ZjEzM2EwMDFhNzNlNCIsInVzZXJfaWQiOiJhNTRlYzA5Ni05NGI0LTQxODEtYmE1Yy00NTRhYWJiYTYwNTUifQ.92fwJ65N3K5RN3Y_e0fEoOoha3fhPh1vKJmkHZ5LEMk",
        "created_at": "2025-04-19T21:05:18.885Z",
        "expires_at": "2025-04-20T21:05:18Z"
    }
},
{
    "model": "token_blacklist.outstandingtoken",
    "pk": 21,
    "fields": {
        "user": "a54ec096-94b4-4181-ba5c-454aabba6055",
        "jti": "76c1c3ea5d6b4b8e8fa95d27af4fadd6",
        "token": "eyJhbGciOiJIUzI1NiIsInR5cCI6IkpXVCJ9.eyJ0b2tlbl90eXBlIjoicmVmcmVzaCIsImV4cCI6MTc0NTE4MzE1NywiaWF0IjoxNzQ1MDk2NzU3LCJqdGkiOiI3NmMxYzNlYTVkNmI0YjhlOGZhOTVkMjdhZjRmYWRkNiIsInVzZXJfaWQiOiJhNTRlYzA5Ni05NGI0LTQxODEtYmE1Yy00NTRhYWJiYTYwNTUifQ.V_3NyhNHVIR1DUGdVnzuLdXoVaMx09peBZdsd0yIUo8",
        "created_at": "2025-04-19T21:05:57.552Z",
        "expires_at": "2025-04-20T21:05:57Z"
    }
},
{
    "model": "token_blacklist.outstandingtoken",
    "pk": 22,
    "fields": {
        "user": "a54ec096-94b4-4181-ba5c-454aabba6055",
        "jti": "ab75f2a74fa041178f34c932befee42d",
        "token": "eyJhbGciOiJIUzI1NiIsInR5cCI6IkpXVCJ9.eyJ0b2tlbl90eXBlIjoicmVmcmVzaCIsImV4cCI6MTc0NTE4NTM1NiwiaWF0IjoxNzQ1MDk4OTU2LCJqdGkiOiJhYjc1ZjJhNzRmYTA0MTE3OGYzNGM5MzJiZWZlZTQyZCIsInVzZXJfaWQiOiJhNTRlYzA5Ni05NGI0LTQxODEtYmE1Yy00NTRhYWJiYTYwNTUifQ.TVvYyadpO6yrblw0SqidP_V-pfwnfXhbIAlYoeUNvtU",
        "created_at": "2025-04-19T21:42:36.216Z",
        "expires_at": "2025-04-20T21:42:36Z"
    }
},
{
    "model": "token_blacklist.outstandingtoken",
    "pk": 23,
    "fields": {
        "user": "a54ec096-94b4-4181-ba5c-454aabba6055",
        "jti": "67072464cc354e46a811978cf880c988",
        "token": "eyJhbGciOiJIUzI1NiIsInR5cCI6IkpXVCJ9.eyJ0b2tlbl90eXBlIjoicmVmcmVzaCIsImV4cCI6MTc0NTE4NTM4MCwiaWF0IjoxNzQ1MDk4OTgwLCJqdGkiOiI2NzA3MjQ2NGNjMzU0ZTQ2YTgxMTk3OGNmODgwYzk4OCIsInVzZXJfaWQiOiJhNTRlYzA5Ni05NGI0LTQxODEtYmE1Yy00NTRhYWJiYTYwNTUifQ.pmwWhsS815RJoyyxsrtHxLyvRn6Z6ogrVTrN2vNHF3Y",
        "created_at": "2025-04-19T21:43:00.687Z",
        "expires_at": "2025-04-20T21:43:00Z"
    }
},
{
    "model": "token_blacklist.outstandingtoken",
    "pk": 24,
    "fields": {
        "user": "a54ec096-94b4-4181-ba5c-454aabba6055",
        "jti": "a64b7224fdb7467ab770e3137622e4e0",
        "token": "eyJhbGciOiJIUzI1NiIsInR5cCI6IkpXVCJ9.eyJ0b2tlbl90eXBlIjoicmVmcmVzaCIsImV4cCI6MTc0NTE4NTM5MywiaWF0IjoxNzQ1MDk4OTkzLCJqdGkiOiJhNjRiNzIyNGZkYjc0NjdhYjc3MGUzMTM3NjIyZTRlMCIsInVzZXJfaWQiOiJhNTRlYzA5Ni05NGI0LTQxODEtYmE1Yy00NTRhYWJiYTYwNTUifQ.Ybl4t35NiLAQvTpy4kyLO-LjqBFfWGuA0lk30czYc40",
        "created_at": "2025-04-19T21:43:13.567Z",
        "expires_at": "2025-04-20T21:43:13Z"
    }
},
{
    "model": "token_blacklist.outstandingtoken",
    "pk": 25,
    "fields": {
        "user": "a54ec096-94b4-4181-ba5c-454aabba6055",
        "jti": "36e6e46ebc04469fa0cf5f6701789668",
        "token": "eyJhbGciOiJIUzI1NiIsInR5cCI6IkpXVCJ9.eyJ0b2tlbl90eXBlIjoicmVmcmVzaCIsImV4cCI6MTc0NTE4NTQ0MywiaWF0IjoxNzQ1MDk5MDQzLCJqdGkiOiIzNmU2ZTQ2ZWJjMDQ0NjlmYTBjZjVmNjcwMTc4OTY2OCIsInVzZXJfaWQiOiJhNTRlYzA5Ni05NGI0LTQxODEtYmE1Yy00NTRhYWJiYTYwNTUifQ.Of4VG9czDKVWRSeNt2mpJzDgy_gvJ0TAtFhOLQ8D0k4",
        "created_at": "2025-04-19T21:44:03.640Z",
        "expires_at": "2025-04-20T21:44:03Z"
    }
},
{
    "model": "token_blacklist.outstandingtoken",
    "pk": 26,
    "fields": {
        "user": "a54ec096-94b4-4181-ba5c-454aabba6055",
        "jti": "82431be7b0914f8185a3c5ea89e4a0e5",
        "token": "eyJhbGciOiJIUzI1NiIsInR5cCI6IkpXVCJ9.eyJ0b2tlbl90eXBlIjoicmVmcmVzaCIsImV4cCI6MTc0NTE4NTk2MCwiaWF0IjoxNzQ1MDk5NTYwLCJqdGkiOiI4MjQzMWJlN2IwOTE0ZjgxODVhM2M1ZWE4OWU0YTBlNSIsInVzZXJfaWQiOiJhNTRlYzA5Ni05NGI0LTQxODEtYmE1Yy00NTRhYWJiYTYwNTUifQ.7o2uJeGMRC13WNEoYljCq-GVb35nOnEASFhJo25x-3g",
        "created_at": "2025-04-19T21:52:40.502Z",
        "expires_at": "2025-04-20T21:52:40Z"
    }
},
{
    "model": "token_blacklist.outstandingtoken",
    "pk": 27,
    "fields": {
        "user": "a54ec096-94b4-4181-ba5c-454aabba6055",
        "jti": "1669c3e1d074491da5401763fa1914d4",
        "token": "eyJhbGciOiJIUzI1NiIsInR5cCI6IkpXVCJ9.eyJ0b2tlbl90eXBlIjoicmVmcmVzaCIsImV4cCI6MTc0NTE4NTk2OSwiaWF0IjoxNzQ1MDk5NTY5LCJqdGkiOiIxNjY5YzNlMWQwNzQ0OTFkYTU0MDE3NjNmYTE5MTRkNCIsInVzZXJfaWQiOiJhNTRlYzA5Ni05NGI0LTQxODEtYmE1Yy00NTRhYWJiYTYwNTUifQ.l6OPbIpeExV0xJMAXFk0U_iJ7fKsAnU8lvFcwxM5bDw",
        "created_at": "2025-04-19T21:52:49.937Z",
        "expires_at": "2025-04-20T21:52:49Z"
    }
},
{
    "model": "token_blacklist.outstandingtoken",
    "pk": 28,
    "fields": {
        "user": "a54ec096-94b4-4181-ba5c-454aabba6055",
        "jti": "723894aff8724a32b8dd63c3de74eb28",
        "token": "eyJhbGciOiJIUzI1NiIsInR5cCI6IkpXVCJ9.eyJ0b2tlbl90eXBlIjoicmVmcmVzaCIsImV4cCI6MTc0NTE4NTk4MCwiaWF0IjoxNzQ1MDk5NTgwLCJqdGkiOiI3MjM4OTRhZmY4NzI0YTMyYjhkZDYzYzNkZTc0ZWIyOCIsInVzZXJfaWQiOiJhNTRlYzA5Ni05NGI0LTQxODEtYmE1Yy00NTRhYWJiYTYwNTUifQ.PgT60Yi3kHbMbtomPi3-EBYE6AtdbgOvm7IxqvqJMzI",
        "created_at": "2025-04-19T21:53:00.333Z",
        "expires_at": "2025-04-20T21:53:00Z"
    }
},
{
    "model": "token_blacklist.outstandingtoken",
    "pk": 29,
    "fields": {
        "user": "a54ec096-94b4-4181-ba5c-454aabba6055",
        "jti": "26930e61be5b47758317ba12a3a2681d",
        "token": "eyJhbGciOiJIUzI1NiIsInR5cCI6IkpXVCJ9.eyJ0b2tlbl90eXBlIjoicmVmcmVzaCIsImV4cCI6MTc0NTE4NjEzMSwiaWF0IjoxNzQ1MDk5NzMxLCJqdGkiOiIyNjkzMGU2MWJlNWI0Nzc1ODMxN2JhMTJhM2EyNjgxZCIsInVzZXJfaWQiOiJhNTRlYzA5Ni05NGI0LTQxODEtYmE1Yy00NTRhYWJiYTYwNTUifQ.SA9ynrVz98ZNQ7bxFxAayLQWZfXCB1hkc5A8KC4Zl0w",
        "created_at": "2025-04-19T21:55:31.359Z",
        "expires_at": "2025-04-20T21:55:31Z"
    }
},
{
    "model": "token_blacklist.outstandingtoken",
    "pk": 30,
    "fields": {
        "user": "a54ec096-94b4-4181-ba5c-454aabba6055",
        "jti": "d0c55ec292ce49efaa79e20235a295a5",
        "token": "eyJhbGciOiJIUzI1NiIsInR5cCI6IkpXVCJ9.eyJ0b2tlbl90eXBlIjoicmVmcmVzaCIsImV4cCI6MTc0NTE4NjIzOSwiaWF0IjoxNzQ1MDk5ODM5LCJqdGkiOiJkMGM1NWVjMjkyY2U0OWVmYWE3OWUyMDIzNWEyOTVhNSIsInVzZXJfaWQiOiJhNTRlYzA5Ni05NGI0LTQxODEtYmE1Yy00NTRhYWJiYTYwNTUifQ.GCxglxXIdECAs9Fhxr9fmMY1oL2u-h1C_VZkyGiOgfw",
        "created_at": "2025-04-19T21:57:19.381Z",
        "expires_at": "2025-04-20T21:57:19Z"
    }
},
{
    "model": "token_blacklist.outstandingtoken",
    "pk": 31,
    "fields": {
        "user": "a54ec096-94b4-4181-ba5c-454aabba6055",
        "jti": "0227096417bc49b984e432808685d869",
        "token": "eyJhbGciOiJIUzI1NiIsInR5cCI6IkpXVCJ9.eyJ0b2tlbl90eXBlIjoicmVmcmVzaCIsImV4cCI6MTc0NTE4Njg0NywiaWF0IjoxNzQ1MTAwNDQ3LCJqdGkiOiIwMjI3MDk2NDE3YmM0OWI5ODRlNDMyODA4Njg1ZDg2OSIsInVzZXJfaWQiOiJhNTRlYzA5Ni05NGI0LTQxODEtYmE1Yy00NTRhYWJiYTYwNTUifQ.DGvJSgeV63eJJQc1W1OFNQq7ed7WTsuwD_KDnuPsAcM",
        "created_at": "2025-04-19T22:07:27.848Z",
        "expires_at": "2025-04-20T22:07:27Z"
    }
},
{
    "model": "token_blacklist.outstandingtoken",
    "pk": 32,
    "fields": {
        "user": "a54ec096-94b4-4181-ba5c-454aabba6055",
        "jti": "af401a9fdb0c47e283a2fce0fb782a3e",
        "token": "eyJhbGciOiJIUzI1NiIsInR5cCI6IkpXVCJ9.eyJ0b2tlbl90eXBlIjoicmVmcmVzaCIsImV4cCI6MTc0NTE4NjkwNiwiaWF0IjoxNzQ1MTAwNTA2LCJqdGkiOiJhZjQwMWE5ZmRiMGM0N2UyODNhMmZjZTBmYjc4MmEzZSIsInVzZXJfaWQiOiJhNTRlYzA5Ni05NGI0LTQxODEtYmE1Yy00NTRhYWJiYTYwNTUifQ.aDl-pUw24_y7rX-ByMVmYSunGvMXw9MlMC3Jp6JZzkg",
        "created_at": "2025-04-19T22:08:26.486Z",
        "expires_at": "2025-04-20T22:08:26Z"
    }
},
{
    "model": "token_blacklist.outstandingtoken",
    "pk": 33,
    "fields": {
        "user": "a54ec096-94b4-4181-ba5c-454aabba6055",
        "jti": "c372fbb9fc904e039cdcaae690fbb53c",
        "token": "eyJhbGciOiJIUzI1NiIsInR5cCI6IkpXVCJ9.eyJ0b2tlbl90eXBlIjoicmVmcmVzaCIsImV4cCI6MTc0NTE4ODAzMywiaWF0IjoxNzQ1MTAxNjMzLCJqdGkiOiJjMzcyZmJiOWZjOTA0ZTAzOWNkY2FhZTY5MGZiYjUzYyIsInVzZXJfaWQiOiJhNTRlYzA5Ni05NGI0LTQxODEtYmE1Yy00NTRhYWJiYTYwNTUifQ.9GuiNcKa49NM_Wf8WLGKMwTYbCi5A9LGfrWwFzD7LEU",
        "created_at": "2025-04-19T22:27:13.293Z",
        "expires_at": "2025-04-20T22:27:13Z"
    }
},
{
    "model": "token_blacklist.outstandingtoken",
    "pk": 34,
    "fields": {
        "user": "a54ec096-94b4-4181-ba5c-454aabba6055",
        "jti": "84c7a439d9734b8ab5cad4e785b2f4d7",
        "token": "eyJhbGciOiJIUzI1NiIsInR5cCI6IkpXVCJ9.eyJ0b2tlbl90eXBlIjoicmVmcmVzaCIsImV4cCI6MTc0NTIxMDA3NCwiaWF0IjoxNzQ1MTIzNjc0LCJqdGkiOiI4NGM3YTQzOWQ5NzM0YjhhYjVjYWQ0ZTc4NWIyZjRkNyIsInVzZXJfaWQiOiJhNTRlYzA5Ni05NGI0LTQxODEtYmE1Yy00NTRhYWJiYTYwNTUifQ.BwgS3c0ITOjeSCkKJghRNbNef0hBpc1DtiIc7G-13G4",
        "created_at": "2025-04-20T04:34:34.388Z",
        "expires_at": "2025-04-21T04:34:34Z"
    }
},
{
    "model": "token_blacklist.outstandingtoken",
    "pk": 35,
    "fields": {
        "user": "a54ec096-94b4-4181-ba5c-454aabba6055",
        "jti": "b3eb5b3387a84357819a5a05c0224a61",
        "token": "eyJhbGciOiJIUzI1NiIsInR5cCI6IkpXVCJ9.eyJ0b2tlbl90eXBlIjoicmVmcmVzaCIsImV4cCI6MTc0NTIxMDQ0OCwiaWF0IjoxNzQ1MTI0MDQ4LCJqdGkiOiJiM2ViNWIzMzg3YTg0MzU3ODE5YTVhMDVjMDIyNGE2MSIsInVzZXJfaWQiOiJhNTRlYzA5Ni05NGI0LTQxODEtYmE1Yy00NTRhYWJiYTYwNTUifQ.0qQexIfPG1XOcw0FbKgmcTHokyu_tAPRvCymajoH3zE",
        "created_at": "2025-04-20T04:40:48.077Z",
        "expires_at": "2025-04-21T04:40:48Z"
    }
},
{
    "model": "token_blacklist.outstandingtoken",
    "pk": 36,
    "fields": {
        "user": "a54ec096-94b4-4181-ba5c-454aabba6055",
        "jti": "65418bef8a074df58bc57bdd4affbd6e",
        "token": "eyJhbGciOiJIUzI1NiIsInR5cCI6IkpXVCJ9.eyJ0b2tlbl90eXBlIjoicmVmcmVzaCIsImV4cCI6MTc0NTIxMDkwOCwiaWF0IjoxNzQ1MTI0NTA4LCJqdGkiOiI2NTQxOGJlZjhhMDc0ZGY1OGJjNTdiZGQ0YWZmYmQ2ZSIsInVzZXJfaWQiOiJhNTRlYzA5Ni05NGI0LTQxODEtYmE1Yy00NTRhYWJiYTYwNTUifQ.ehoSAGhgDlb5De-eZcLwbeRtbEaAzjtRj9NGhrh7C-U",
        "created_at": "2025-04-20T04:48:28.265Z",
        "expires_at": "2025-04-21T04:48:28Z"
    }
},
{
    "model": "token_blacklist.outstandingtoken",
    "pk": 37,
    "fields": {
        "user": "a54ec096-94b4-4181-ba5c-454aabba6055",
        "jti": "973aa931e2fb4d92a471f0b9c68a6cdf",
        "token": "eyJhbGciOiJIUzI1NiIsInR5cCI6IkpXVCJ9.eyJ0b2tlbl90eXBlIjoicmVmcmVzaCIsImV4cCI6MTc0NTIxNDc1OCwiaWF0IjoxNzQ1MTI4MzU4LCJqdGkiOiI5NzNhYTkzMWUyZmI0ZDkyYTQ3MWYwYjljNjhhNmNkZiIsInVzZXJfaWQiOiJhNTRlYzA5Ni05NGI0LTQxODEtYmE1Yy00NTRhYWJiYTYwNTUifQ.ViEYVR0wwZx78DrEJ6NtwDq0ASqmsy6Iry7i0sKzzhg",
        "created_at": "2025-04-20T05:52:38.419Z",
        "expires_at": "2025-04-21T05:52:38Z"
    }
},
{
    "model": "token_blacklist.outstandingtoken",
    "pk": 38,
    "fields": {
        "user": "a54ec096-94b4-4181-ba5c-454aabba6055",
        "jti": "2b9b78a50f184bdf84a66324d074457b",
        "token": "eyJhbGciOiJIUzI1NiIsInR5cCI6IkpXVCJ9.eyJ0b2tlbl90eXBlIjoicmVmcmVzaCIsImV4cCI6MTc0NTIxNDgwMywiaWF0IjoxNzQ1MTI4NDAzLCJqdGkiOiIyYjliNzhhNTBmMTg0YmRmODRhNjYzMjRkMDc0NDU3YiIsInVzZXJfaWQiOiJhNTRlYzA5Ni05NGI0LTQxODEtYmE1Yy00NTRhYWJiYTYwNTUifQ.0hHlsgXVgXHlPsKM5S-m4MIwl3rWQvXs0CO_bdgCgyA",
        "created_at": "2025-04-20T05:53:23.620Z",
        "expires_at": "2025-04-21T05:53:23Z"
    }
},
{
    "model": "token_blacklist.outstandingtoken",
    "pk": 39,
    "fields": {
        "user": "a54ec096-94b4-4181-ba5c-454aabba6055",
        "jti": "efcb30a4265a460d8038293dcb49561f",
        "token": "eyJhbGciOiJIUzI1NiIsInR5cCI6IkpXVCJ9.eyJ0b2tlbl90eXBlIjoicmVmcmVzaCIsImV4cCI6MTc0NTIxODQ1NSwiaWF0IjoxNzQ1MTMyMDU1LCJqdGkiOiJlZmNiMzBhNDI2NWE0NjBkODAzODI5M2RjYjQ5NTYxZiIsInVzZXJfaWQiOiJhNTRlYzA5Ni05NGI0LTQxODEtYmE1Yy00NTRhYWJiYTYwNTUifQ.fCsj6I1g5JYExDfIWtxthrjUBTcNbZeDJgGIFgdPR1Y",
        "created_at": "2025-04-20T06:54:15.509Z",
        "expires_at": "2025-04-21T06:54:15Z"
    }
},
{
    "model": "token_blacklist.outstandingtoken",
    "pk": 40,
    "fields": {
        "user": "2dc7a955-941d-477f-aadc-c5f7205521d7",
        "jti": "940a86e3e72a40dd9e974ada783f891e",
        "token": "eyJhbGciOiJIUzI1NiIsInR5cCI6IkpXVCJ9.eyJ0b2tlbl90eXBlIjoicmVmcmVzaCIsImV4cCI6MTc0NTIxODU4OCwiaWF0IjoxNzQ1MTMyMTg4LCJqdGkiOiI5NDBhODZlM2U3MmE0MGRkOWU5NzRhZGE3ODNmODkxZSIsInVzZXJfaWQiOiIyZGM3YTk1NS05NDFkLTQ3N2YtYWFkYy1jNWY3MjA1NTIxZDcifQ.sb4bYrCGrAYVeOx1fBX3_4hdZHjmmY8sTZ5jClwbngM",
        "created_at": "2025-04-20T06:56:28.172Z",
        "expires_at": "2025-04-21T06:56:28Z"
    }
},
{
    "model": "token_blacklist.outstandingtoken",
    "pk": 41,
    "fields": {
        "user": "a54ec096-94b4-4181-ba5c-454aabba6055",
        "jti": "f1eb4405da114d88824c3a844a54b7de",
        "token": "eyJhbGciOiJIUzI1NiIsInR5cCI6IkpXVCJ9.eyJ0b2tlbl90eXBlIjoicmVmcmVzaCIsImV4cCI6MTc0NTIyMjY5MCwiaWF0IjoxNzQ1MTM2MjkwLCJqdGkiOiJmMWViNDQwNWRhMTE0ZDg4ODI0YzNhODQ0YTU0YjdkZSIsInVzZXJfaWQiOiJhNTRlYzA5Ni05NGI0LTQxODEtYmE1Yy00NTRhYWJiYTYwNTUifQ.LSBFocJd3y9auwjpAWva-aUeVOXyg0hg-55Ay3qC8Uk",
        "created_at": "2025-04-20T08:04:50.834Z",
        "expires_at": "2025-04-21T08:04:50Z"
    }
},
{
    "model": "token_blacklist.outstandingtoken",
    "pk": 42,
    "fields": {
        "user": "a54ec096-94b4-4181-ba5c-454aabba6055",
        "jti": "a8991c96b9b649da8fa8938786aa4e92",
        "token": "eyJhbGciOiJIUzI1NiIsInR5cCI6IkpXVCJ9.eyJ0b2tlbl90eXBlIjoicmVmcmVzaCIsImV4cCI6MTc0NTIyMjk4NSwiaWF0IjoxNzQ1MTM2NTg1LCJqdGkiOiJhODk5MWM5NmI5YjY0OWRhOGZhODkzODc4NmFhNGU5MiIsInVzZXJfaWQiOiJhNTRlYzA5Ni05NGI0LTQxODEtYmE1Yy00NTRhYWJiYTYwNTUifQ.tmiByRjs9duv9OvnQW-RcRCAmqgBUuyweSGuIrE1fP8",
        "created_at": "2025-04-20T08:09:45.640Z",
        "expires_at": "2025-04-21T08:09:45Z"
    }
},
{
    "model": "token_blacklist.outstandingtoken",
    "pk": 43,
    "fields": {
        "user": "2dc7a955-941d-477f-aadc-c5f7205521d7",
        "jti": "f2e9c2f7cf1640ddb13e8901f8fc133b",
        "token": "eyJhbGciOiJIUzI1NiIsInR5cCI6IkpXVCJ9.eyJ0b2tlbl90eXBlIjoicmVmcmVzaCIsImV4cCI6MTc0NTIyMzE1NywiaWF0IjoxNzQ1MTM2NzU3LCJqdGkiOiJmMmU5YzJmN2NmMTY0MGRkYjEzZTg5MDFmOGZjMTMzYiIsInVzZXJfaWQiOiIyZGM3YTk1NS05NDFkLTQ3N2YtYWFkYy1jNWY3MjA1NTIxZDcifQ.x2jL4a2DM61HDtPhcRiSXpKBDj1hdK9qywoUOJ-WsBU",
        "created_at": "2025-04-20T08:12:37.659Z",
        "expires_at": "2025-04-21T08:12:37Z"
    }
},
{
    "model": "token_blacklist.outstandingtoken",
    "pk": 44,
    "fields": {
        "user": "a54ec096-94b4-4181-ba5c-454aabba6055",
        "jti": "b47317509e2d487ba29ed68b7a75f762",
        "token": "eyJhbGciOiJIUzI1NiIsInR5cCI6IkpXVCJ9.eyJ0b2tlbl90eXBlIjoicmVmcmVzaCIsImV4cCI6MTc0NTIyMzIyNCwiaWF0IjoxNzQ1MTM2ODI0LCJqdGkiOiJiNDczMTc1MDllMmQ0ODdiYTI5ZWQ2OGI3YTc1Zjc2MiIsInVzZXJfaWQiOiJhNTRlYzA5Ni05NGI0LTQxODEtYmE1Yy00NTRhYWJiYTYwNTUifQ.H3-BqGUlV5COgNXXXxoMPMPuUFA9iRLlbksQgOSeliI",
        "created_at": "2025-04-20T08:13:44.711Z",
        "expires_at": "2025-04-21T08:13:44Z"
    }
},
{
    "model": "token_blacklist.outstandingtoken",
    "pk": 45,
    "fields": {
        "user": "2dc7a955-941d-477f-aadc-c5f7205521d7",
        "jti": "ae8894f53466417d829f18193745097d",
        "token": "eyJhbGciOiJIUzI1NiIsInR5cCI6IkpXVCJ9.eyJ0b2tlbl90eXBlIjoicmVmcmVzaCIsImV4cCI6MTc0NTIyMzU4NSwiaWF0IjoxNzQ1MTM3MTg1LCJqdGkiOiJhZTg4OTRmNTM0NjY0MTdkODI5ZjE4MTkzNzQ1MDk3ZCIsInVzZXJfaWQiOiIyZGM3YTk1NS05NDFkLTQ3N2YtYWFkYy1jNWY3MjA1NTIxZDcifQ.xZpKlZX82kRIQALeDz7BH-6LarR5PotrKK_GwRAOhsg",
        "created_at": "2025-04-20T08:19:45.984Z",
        "expires_at": "2025-04-21T08:19:45Z"
    }
},
{
    "model": "token_blacklist.outstandingtoken",
    "pk": 46,
    "fields": {
        "user": "2dc7a955-941d-477f-aadc-c5f7205521d7",
        "jti": "820920083fd0425fbbd8239bbe14149e",
        "token": "eyJhbGciOiJIUzI1NiIsInR5cCI6IkpXVCJ9.eyJ0b2tlbl90eXBlIjoicmVmcmVzaCIsImV4cCI6MTc0NTIyNDM5NCwiaWF0IjoxNzQ1MTM3OTk0LCJqdGkiOiI4MjA5MjAwODNmZDA0MjVmYmJkODIzOWJiZTE0MTQ5ZSIsInVzZXJfaWQiOiIyZGM3YTk1NS05NDFkLTQ3N2YtYWFkYy1jNWY3MjA1NTIxZDcifQ.xy-U_WI2ak6gVx-iE_bVIhf-cbFxuKGVL8e1vpJ8O94",
        "created_at": "2025-04-20T08:33:14.539Z",
        "expires_at": "2025-04-21T08:33:14Z"
    }
},
{
    "model": "token_blacklist.outstandingtoken",
    "pk": 47,
    "fields": {
        "user": "a54ec096-94b4-4181-ba5c-454aabba6055",
        "jti": "b135a1e8bc23484c8613b3f3db7c7e18",
        "token": "eyJhbGciOiJIUzI1NiIsInR5cCI6IkpXVCJ9.eyJ0b2tlbl90eXBlIjoicmVmcmVzaCIsImV4cCI6MTc0NTIyNDQ2NiwiaWF0IjoxNzQ1MTM4MDY2LCJqdGkiOiJiMTM1YTFlOGJjMjM0ODRjODYxM2IzZjNkYjdjN2UxOCIsInVzZXJfaWQiOiJhNTRlYzA5Ni05NGI0LTQxODEtYmE1Yy00NTRhYWJiYTYwNTUifQ.P4kR681lzTJdwtz66iaHw9Wp6Va-3KDXD8RuwznOPn0",
        "created_at": "2025-04-20T08:34:26.282Z",
        "expires_at": "2025-04-21T08:34:26Z"
    }
},
{
    "model": "token_blacklist.outstandingtoken",
    "pk": 48,
    "fields": {
        "user": "2dc7a955-941d-477f-aadc-c5f7205521d7",
        "jti": "408541ece02d4af2a34f18f54e3d5f8f",
        "token": "eyJhbGciOiJIUzI1NiIsInR5cCI6IkpXVCJ9.eyJ0b2tlbl90eXBlIjoicmVmcmVzaCIsImV4cCI6MTc0NTIyNDY0MiwiaWF0IjoxNzQ1MTM4MjQyLCJqdGkiOiI0MDg1NDFlY2UwMmQ0YWYyYTM0ZjE4ZjU0ZTNkNWY4ZiIsInVzZXJfaWQiOiIyZGM3YTk1NS05NDFkLTQ3N2YtYWFkYy1jNWY3MjA1NTIxZDcifQ.aiQ8kbEw2832TKwrgcO8M2oyGVr3YLq7N_Yb1PqiN-Q",
        "created_at": "2025-04-20T08:37:22.699Z",
        "expires_at": "2025-04-21T08:37:22Z"
    }
},
{
    "model": "token_blacklist.outstandingtoken",
    "pk": 49,
    "fields": {
        "user": "a54ec096-94b4-4181-ba5c-454aabba6055",
        "jti": "e10e6aa6d69647f1a4e7063af676211c",
        "token": "eyJhbGciOiJIUzI1NiIsInR5cCI6IkpXVCJ9.eyJ0b2tlbl90eXBlIjoicmVmcmVzaCIsImV4cCI6MTc0NTIyODYwMywiaWF0IjoxNzQ1MTQyMjAzLCJqdGkiOiJlMTBlNmFhNmQ2OTY0N2YxYTRlNzA2M2FmNjc2MjExYyIsInVzZXJfaWQiOiJhNTRlYzA5Ni05NGI0LTQxODEtYmE1Yy00NTRhYWJiYTYwNTUifQ.0tn7vqTndnhOe3ua6ZgB22UbKOfdwa7Wfuq1B4GrYFw",
        "created_at": "2025-04-20T09:43:23.408Z",
        "expires_at": "2025-04-21T09:43:23Z"
    }
},
{
    "model": "token_blacklist.outstandingtoken",
    "pk": 50,
    "fields": {
        "user": "2dc7a955-941d-477f-aadc-c5f7205521d7",
        "jti": "c552aadda52e4025aa120b33a3bb1a10",
        "token": "eyJhbGciOiJIUzI1NiIsInR5cCI6IkpXVCJ9.eyJ0b2tlbl90eXBlIjoicmVmcmVzaCIsImV4cCI6MTc0NTIyOTExMiwiaWF0IjoxNzQ1MTQyNzEyLCJqdGkiOiJjNTUyYWFkZGE1MmU0MDI1YWExMjBiMzNhM2JiMWExMCIsInVzZXJfaWQiOiIyZGM3YTk1NS05NDFkLTQ3N2YtYWFkYy1jNWY3MjA1NTIxZDcifQ.iGU8CN__-35HrBfQzSPG4v-eUjFI7_8Q-NEB4e_AR_Y",
        "created_at": "2025-04-20T09:51:52.313Z",
        "expires_at": "2025-04-21T09:51:52Z"
    }
},
{
    "model": "token_blacklist.outstandingtoken",
    "pk": 51,
    "fields": {
        "user": "e5628dbb-14a0-480e-820b-6d803f1f4532",
        "jti": "ea909fe97c074346815f1904de1288cd",
        "token": "eyJhbGciOiJIUzI1NiIsInR5cCI6IkpXVCJ9.eyJ0b2tlbl90eXBlIjoicmVmcmVzaCIsImV4cCI6MTc0NTIzMDE5OCwiaWF0IjoxNzQ1MTQzNzk4LCJqdGkiOiJlYTkwOWZlOTdjMDc0MzQ2ODE1ZjE5MDRkZTEyODhjZCIsInVzZXJfaWQiOiJlNTYyOGRiYi0xNGEwLTQ4MGUtODIwYi02ZDgwM2YxZjQ1MzIifQ.bW33xWKn5wuh6BjFygd36yxB486HaBWJ11_Zr6NUM1w",
        "created_at": "2025-04-20T10:09:58.435Z",
        "expires_at": "2025-04-21T10:09:58Z"
    }
},
{
    "model": "token_blacklist.outstandingtoken",
    "pk": 52,
    "fields": {
        "user": "a54ec096-94b4-4181-ba5c-454aabba6055",
        "jti": "b0608ea88c40403ab560a6ea3a985418",
        "token": "eyJhbGciOiJIUzI1NiIsInR5cCI6IkpXVCJ9.eyJ0b2tlbl90eXBlIjoicmVmcmVzaCIsImV4cCI6MTc0NTI0ODc3OSwiaWF0IjoxNzQ1MTYyMzc5LCJqdGkiOiJiMDYwOGVhODhjNDA0MDNhYjU2MGE2ZWEzYTk4NTQxOCIsInVzZXJfaWQiOiJhNTRlYzA5Ni05NGI0LTQxODEtYmE1Yy00NTRhYWJiYTYwNTUifQ.JRV8y30Nr-nZcJPviNya3dHLlqyNaxV-Dc3dGlcrIiU",
        "created_at": "2025-04-20T15:19:39.522Z",
        "expires_at": "2025-04-21T15:19:39Z"
    }
},
{
    "model": "token_blacklist.outstandingtoken",
    "pk": 53,
    "fields": {
        "user": "2dc7a955-941d-477f-aadc-c5f7205521d7",
        "jti": "b4501ebed3ed402887e8907586bd86ac",
        "token": "eyJhbGciOiJIUzI1NiIsInR5cCI6IkpXVCJ9.eyJ0b2tlbl90eXBlIjoicmVmcmVzaCIsImV4cCI6MTc0NTI0ODgyOSwiaWF0IjoxNzQ1MTYyNDI5LCJqdGkiOiJiNDUwMWViZWQzZWQ0MDI4ODdlODkwNzU4NmJkODZhYyIsInVzZXJfaWQiOiIyZGM3YTk1NS05NDFkLTQ3N2YtYWFkYy1jNWY3MjA1NTIxZDcifQ.-TGo6TgH8wqNdBlkOx3H7E00-EZ74Bc6IgtZaMNicQY",
        "created_at": "2025-04-20T15:20:29.604Z",
        "expires_at": "2025-04-21T15:20:29Z"
    }
},
{
    "model": "token_blacklist.outstandingtoken",
    "pk": 54,
    "fields": {
        "user": "a54ec096-94b4-4181-ba5c-454aabba6055",
        "jti": "9b5e79bcbd734728880cb300c4744d50",
        "token": "eyJhbGciOiJIUzI1NiIsInR5cCI6IkpXVCJ9.eyJ0b2tlbl90eXBlIjoicmVmcmVzaCIsImV4cCI6MTc0NTI0ODkzOCwiaWF0IjoxNzQ1MTYyNTM4LCJqdGkiOiI5YjVlNzliY2JkNzM0NzI4ODgwY2IzMDBjNDc0NGQ1MCIsInVzZXJfaWQiOiJhNTRlYzA5Ni05NGI0LTQxODEtYmE1Yy00NTRhYWJiYTYwNTUifQ.7UhxbkWxXz5LsK1Bv6_AXuG0xWXPJeIPxyv88CwFYLo",
        "created_at": "2025-04-20T15:22:18.079Z",
        "expires_at": "2025-04-21T15:22:18Z"
    }
},
{
    "model": "token_blacklist.outstandingtoken",
    "pk": 55,
    "fields": {
        "user": "2dc7a955-941d-477f-aadc-c5f7205521d7",
        "jti": "99ac76bbcb3b4df282e0fb60ecb99278",
        "token": "eyJhbGciOiJIUzI1NiIsInR5cCI6IkpXVCJ9.eyJ0b2tlbl90eXBlIjoicmVmcmVzaCIsImV4cCI6MTc0NTI0OTAxMiwiaWF0IjoxNzQ1MTYyNjEyLCJqdGkiOiI5OWFjNzZiYmNiM2I0ZGYyODJlMGZiNjBlY2I5OTI3OCIsInVzZXJfaWQiOiIyZGM3YTk1NS05NDFkLTQ3N2YtYWFkYy1jNWY3MjA1NTIxZDcifQ.v2jMgmua2o_vT8T4lFBS9VnTvMRO9s6BPjUsMWPw1bA",
        "created_at": "2025-04-20T15:23:32.872Z",
        "expires_at": "2025-04-21T15:23:32Z"
    }
},
{
    "model": "token_blacklist.outstandingtoken",
    "pk": 56,
    "fields": {
        "user": "a54ec096-94b4-4181-ba5c-454aabba6055",
        "jti": "db0cf6c792ad4bdaade54500414dcc7f",
        "token": "eyJhbGciOiJIUzI1NiIsInR5cCI6IkpXVCJ9.eyJ0b2tlbl90eXBlIjoicmVmcmVzaCIsImV4cCI6MTc0NTI0OTY0MywiaWF0IjoxNzQ1MTYzMjQzLCJqdGkiOiJkYjBjZjZjNzkyYWQ0YmRhYWRlNTQ1MDA0MTRkY2M3ZiIsInVzZXJfaWQiOiJhNTRlYzA5Ni05NGI0LTQxODEtYmE1Yy00NTRhYWJiYTYwNTUifQ.33Xeh-eunqz-_YnCPIep1GfmfklbPuIoDcVH-kaUBRM",
        "created_at": "2025-04-20T15:34:03.300Z",
        "expires_at": "2025-04-21T15:34:03Z"
    }
},
{
    "model": "token_blacklist.outstandingtoken",
    "pk": 57,
    "fields": {
        "user": "a54ec096-94b4-4181-ba5c-454aabba6055",
        "jti": "79cdd120c0af4638a3e211644a85d51d",
        "token": "eyJhbGciOiJIUzI1NiIsInR5cCI6IkpXVCJ9.eyJ0b2tlbl90eXBlIjoicmVmcmVzaCIsImV4cCI6MTc0NTI1MDE5OSwiaWF0IjoxNzQ1MTYzNzk5LCJqdGkiOiI3OWNkZDEyMGMwYWY0NjM4YTNlMjExNjQ0YTg1ZDUxZCIsInVzZXJfaWQiOiJhNTRlYzA5Ni05NGI0LTQxODEtYmE1Yy00NTRhYWJiYTYwNTUifQ.iSdc38FFsEfZ9KL4NACh0EwcgQGZeVaPcHtMM8zXqxk",
        "created_at": "2025-04-20T15:43:19.090Z",
        "expires_at": "2025-04-21T15:43:19Z"
    }
},
{
    "model": "token_blacklist.outstandingtoken",
    "pk": 58,
    "fields": {
        "user": "a54ec096-94b4-4181-ba5c-454aabba6055",
        "jti": "b8f12800b0624ba589b69e273e193bb9",
        "token": "eyJhbGciOiJIUzI1NiIsInR5cCI6IkpXVCJ9.eyJ0b2tlbl90eXBlIjoicmVmcmVzaCIsImV4cCI6MTc0NTI1MDI4NSwiaWF0IjoxNzQ1MTYzODg1LCJqdGkiOiJiOGYxMjgwMGIwNjI0YmE1ODliNjllMjczZTE5M2JiOSIsInVzZXJfaWQiOiJhNTRlYzA5Ni05NGI0LTQxODEtYmE1Yy00NTRhYWJiYTYwNTUifQ.7CrN_uQ5I5UiJhHz1LwBnhKM0fUWDTvrhKd-iqN6Tyo",
        "created_at": "2025-04-20T15:44:45.466Z",
        "expires_at": "2025-04-21T15:44:45Z"
    }
},
{
    "model": "token_blacklist.outstandingtoken",
    "pk": 59,
    "fields": {
        "user": "2dc7a955-941d-477f-aadc-c5f7205521d7",
        "jti": "438fab0bd97549a9a2e490eb9173eac1",
        "token": "eyJhbGciOiJIUzI1NiIsInR5cCI6IkpXVCJ9.eyJ0b2tlbl90eXBlIjoicmVmcmVzaCIsImV4cCI6MTc0NTI1MDM0NCwiaWF0IjoxNzQ1MTYzOTQ0LCJqdGkiOiI0MzhmYWIwYmQ5NzU0OWE5YTJlNDkwZWI5MTczZWFjMSIsInVzZXJfaWQiOiIyZGM3YTk1NS05NDFkLTQ3N2YtYWFkYy1jNWY3MjA1NTIxZDcifQ.b2tY-7gbFP2YzQ95yddB990uj-w2fwZ65uaUxRqaKII",
        "created_at": "2025-04-20T15:45:44.852Z",
        "expires_at": "2025-04-21T15:45:44Z"
    }
},
{
    "model": "token_blacklist.outstandingtoken",
    "pk": 60,
    "fields": {
        "user": "2dc7a955-941d-477f-aadc-c5f7205521d7",
        "jti": "d218d62e7d5d43c19cb682d7e793aea1",
        "token": "eyJhbGciOiJIUzI1NiIsInR5cCI6IkpXVCJ9.eyJ0b2tlbl90eXBlIjoicmVmcmVzaCIsImV4cCI6MTc0NTI1MDU4NSwiaWF0IjoxNzQ1MTY0MTg1LCJqdGkiOiJkMjE4ZDYyZTdkNWQ0M2MxOWNiNjgyZDdlNzkzYWVhMSIsInVzZXJfaWQiOiIyZGM3YTk1NS05NDFkLTQ3N2YtYWFkYy1jNWY3MjA1NTIxZDcifQ.tuvLERiq9fejhPS1aISpqjICUA2M4bPq0XFq1GPSp_Q",
        "created_at": "2025-04-20T15:49:45.070Z",
        "expires_at": "2025-04-21T15:49:45Z"
    }
},
{
    "model": "token_blacklist.outstandingtoken",
    "pk": 61,
    "fields": {
        "user": "a54ec096-94b4-4181-ba5c-454aabba6055",
        "jti": "1fa7431f45a24ccf900a6217d19e8045",
        "token": "eyJhbGciOiJIUzI1NiIsInR5cCI6IkpXVCJ9.eyJ0b2tlbl90eXBlIjoicmVmcmVzaCIsImV4cCI6MTc0NTI1MDY4NiwiaWF0IjoxNzQ1MTY0Mjg2LCJqdGkiOiIxZmE3NDMxZjQ1YTI0Y2NmOTAwYTYyMTdkMTllODA0NSIsInVzZXJfaWQiOiJhNTRlYzA5Ni05NGI0LTQxODEtYmE1Yy00NTRhYWJiYTYwNTUifQ.Y7nAwsOBHFbwbvddWBT6imCob_gouCJWLe_JEkwA6RE",
        "created_at": "2025-04-20T15:51:26.173Z",
        "expires_at": "2025-04-21T15:51:26Z"
    }
},
{
    "model": "token_blacklist.outstandingtoken",
    "pk": 62,
    "fields": {
        "user": "2dc7a955-941d-477f-aadc-c5f7205521d7",
        "jti": "0a06159ffff746b0ae8338413105622d",
        "token": "eyJhbGciOiJIUzI1NiIsInR5cCI6IkpXVCJ9.eyJ0b2tlbl90eXBlIjoicmVmcmVzaCIsImV4cCI6MTc0NTI1MDc1MSwiaWF0IjoxNzQ1MTY0MzUxLCJqdGkiOiIwYTA2MTU5ZmZmZjc0NmIwYWU4MzM4NDEzMTA1NjIyZCIsInVzZXJfaWQiOiIyZGM3YTk1NS05NDFkLTQ3N2YtYWFkYy1jNWY3MjA1NTIxZDcifQ.889KA72S8-Zfy6Q_qyhJDPnyjhbBqmVi6dEqUJtpxXE",
        "created_at": "2025-04-20T15:52:31.248Z",
        "expires_at": "2025-04-21T15:52:31Z"
    }
},
{
    "model": "token_blacklist.outstandingtoken",
    "pk": 63,
    "fields": {
        "user": "a54ec096-94b4-4181-ba5c-454aabba6055",
        "jti": "34c55bf3089244bbbe0e4fb3e786851b",
        "token": "eyJhbGciOiJIUzI1NiIsInR5cCI6IkpXVCJ9.eyJ0b2tlbl90eXBlIjoicmVmcmVzaCIsImV4cCI6MTc0NTI1MDk2NSwiaWF0IjoxNzQ1MTY0NTY1LCJqdGkiOiIzNGM1NWJmMzA4OTI0NGJiYmUwZTRmYjNlNzg2ODUxYiIsInVzZXJfaWQiOiJhNTRlYzA5Ni05NGI0LTQxODEtYmE1Yy00NTRhYWJiYTYwNTUifQ.u5x9sCDCr1oEV71aqXCKN7bKdLVOyhZTA-GfdDJY-J0",
        "created_at": "2025-04-20T15:56:05.221Z",
        "expires_at": "2025-04-21T15:56:05Z"
    }
},
{
    "model": "token_blacklist.outstandingtoken",
    "pk": 64,
    "fields": {
        "user": "a54ec096-94b4-4181-ba5c-454aabba6055",
        "jti": "da17a76fccbd47c28a579c31d028ee90",
        "token": "eyJhbGciOiJIUzI1NiIsInR5cCI6IkpXVCJ9.eyJ0b2tlbl90eXBlIjoicmVmcmVzaCIsImV4cCI6MTc0NTI1MTM0MiwiaWF0IjoxNzQ1MTY0OTQyLCJqdGkiOiJkYTE3YTc2ZmNjYmQ0N2MyOGE1NzljMzFkMDI4ZWU5MCIsInVzZXJfaWQiOiJhNTRlYzA5Ni05NGI0LTQxODEtYmE1Yy00NTRhYWJiYTYwNTUifQ.m4tVnFarzA7Cfm-E9v8-m3ouBx3ptKvrZHD4gob33Cw",
        "created_at": "2025-04-20T16:02:22.818Z",
        "expires_at": "2025-04-21T16:02:22Z"
    }
},
{
    "model": "token_blacklist.outstandingtoken",
    "pk": 65,
    "fields": {
        "user": "a54ec096-94b4-4181-ba5c-454aabba6055",
        "jti": "fb9277ad6c9a4dc1b0606d6713d019bc",
        "token": "eyJhbGciOiJIUzI1NiIsInR5cCI6IkpXVCJ9.eyJ0b2tlbl90eXBlIjoicmVmcmVzaCIsImV4cCI6MTc0NTI1MTM5NywiaWF0IjoxNzQ1MTY0OTk3LCJqdGkiOiJmYjkyNzdhZDZjOWE0ZGMxYjA2MDZkNjcxM2QwMTliYyIsInVzZXJfaWQiOiJhNTRlYzA5Ni05NGI0LTQxODEtYmE1Yy00NTRhYWJiYTYwNTUifQ.ABlHcYa24TYOgyWPy3EIvitWvGIhPPHb_f0OEbTl0hw",
        "created_at": "2025-04-20T16:03:17.892Z",
        "expires_at": "2025-04-21T16:03:17Z"
    }
},
{
    "model": "token_blacklist.outstandingtoken",
    "pk": 66,
    "fields": {
        "user": "2dc7a955-941d-477f-aadc-c5f7205521d7",
        "jti": "5972a71bf52544d4b8344ee125a88077",
        "token": "eyJhbGciOiJIUzI1NiIsInR5cCI6IkpXVCJ9.eyJ0b2tlbl90eXBlIjoicmVmcmVzaCIsImV4cCI6MTc0NTI1MTQ1NiwiaWF0IjoxNzQ1MTY1MDU2LCJqdGkiOiI1OTcyYTcxYmY1MjU0NGQ0YjgzNDRlZTEyNWE4ODA3NyIsInVzZXJfaWQiOiIyZGM3YTk1NS05NDFkLTQ3N2YtYWFkYy1jNWY3MjA1NTIxZDcifQ.U4_2CoLL5xKXVuOCjdLfEKlFR8619g8Yi4JpF2n0wQM",
        "created_at": "2025-04-20T16:04:16.040Z",
        "expires_at": "2025-04-21T16:04:16Z"
    }
},
{
    "model": "token_blacklist.outstandingtoken",
    "pk": 67,
    "fields": {
        "user": "a54ec096-94b4-4181-ba5c-454aabba6055",
        "jti": "6493d5c47b684f2ab46ecb549aac8910",
        "token": "eyJhbGciOiJIUzI1NiIsInR5cCI6IkpXVCJ9.eyJ0b2tlbl90eXBlIjoicmVmcmVzaCIsImV4cCI6MTc0NTI1MjI5NiwiaWF0IjoxNzQ1MTY1ODk2LCJqdGkiOiI2NDkzZDVjNDdiNjg0ZjJhYjQ2ZWNiNTQ5YWFjODkxMCIsInVzZXJfaWQiOiJhNTRlYzA5Ni05NGI0LTQxODEtYmE1Yy00NTRhYWJiYTYwNTUifQ.aNg9pXtRunleTJaN4vj79QH5nJr38ZO92x7iOivcMW4",
        "created_at": "2025-04-20T16:18:16.183Z",
        "expires_at": "2025-04-21T16:18:16Z"
    }
},
{
    "model": "token_blacklist.outstandingtoken",
    "pk": 68,
    "fields": {
        "user": "2dc7a955-941d-477f-aadc-c5f7205521d7",
        "jti": "660f038e20624c12b7ec9f7d650b749d",
        "token": "eyJhbGciOiJIUzI1NiIsInR5cCI6IkpXVCJ9.eyJ0b2tlbl90eXBlIjoicmVmcmVzaCIsImV4cCI6MTc0NTI1MjM0NywiaWF0IjoxNzQ1MTY1OTQ3LCJqdGkiOiI2NjBmMDM4ZTIwNjI0YzEyYjdlYzlmN2Q2NTBiNzQ5ZCIsInVzZXJfaWQiOiIyZGM3YTk1NS05NDFkLTQ3N2YtYWFkYy1jNWY3MjA1NTIxZDcifQ.Ccliq7HriUu2dhgPYSKs02_1QjBr87Yk8jLTnTq_A44",
        "created_at": "2025-04-20T16:19:07.368Z",
        "expires_at": "2025-04-21T16:19:07Z"
    }
},
{
    "model": "token_blacklist.outstandingtoken",
    "pk": 69,
    "fields": {
        "user": "b37e8832-f477-42a8-8018-369bef752442",
        "jti": "56d7a3e5947e4ea89bfdff40cf2a6054",
        "token": "eyJhbGciOiJIUzI1NiIsInR5cCI6IkpXVCJ9.eyJ0b2tlbl90eXBlIjoicmVmcmVzaCIsImV4cCI6MTc0NTI1MjQ5OCwiaWF0IjoxNzQ1MTY2MDk4LCJqdGkiOiI1NmQ3YTNlNTk0N2U0ZWE4OWJmZGZmNDBjZjJhNjA1NCIsInVzZXJfaWQiOiJiMzdlODgzMi1mNDc3LTQyYTgtODAxOC0zNjliZWY3NTI0NDIifQ.lOaaX_B3y0H2HK28t9uos4aOR8wCJT3W2sOnO8HHLiI",
        "created_at": "2025-04-20T16:21:38.157Z",
        "expires_at": "2025-04-21T16:21:38Z"
    }
}
]
